,rownames,affairs,age,yearsmarried,religiousness,education,occupation,rating
rownames,1.0,-0.027517152759572755,0.021503225564967036,0.05577819519811737,-0.04563697750377682,-0.05696277920299039,-0.09071608001498874,-0.014381845710493201
affairs,-0.027517152759572755,1.0,0.09523720415620852,0.18684168633304424,-0.1445013454891804,-0.0024374407472774404,0.0496117578329061,-0.27951240308770436
age,0.021503225564967036,0.09523720415620852,1.0,0.7775458462353642,0.19377693123670114,0.13459601475708693,0.1664125433836545,-0.19899989912381258
yearsmarried,0.05577819519811737,0.18684168633304424,0.7775458462353642,1.0,0.21826067155215953,0.04000271609758274,0.04459201354700782,-0.2431188268310153
religiousness,-0.04563697750377682,-0.1445013454891804,0.19377693123670114,0.21826067155215953,1.0,-0.042571078876828275,-0.039722324200412495,0.024295776780156625
education,-0.05696277920299039,-0.0024374407472774404,0.13459601475708693,0.04000271609758274,-0.042571078876828275,1.0,0.5336052416846713,0.10930347290914111
occupation,-0.09071608001498874,0.0496117578329061,0.1664125433836545,0.04459201354700782,-0.039722324200412495,0.5336052416846713,1.0,0.017422272831892138
rating,-0.014381845710493201,-0.27951240308770436,-0.19899989912381258,-0.2431188268310153,0.024295776780156625,0.10930347290914111,0.017422272831892138,1.0
